Date,Open,High,Low,Close,Volume,Adj Close
2017-01-05,84.699997,88.419998,84.699997,87.93,000,87.93
2017-01-04,83.040001,83.459999,81.839996,83.389999,000,83.389999
2017-01-03,79.459999,82.099998,79.449997,82.010002,000,82.010002
2016-12-30,82.629997,84.150002,78.830002,78.860001,000,78.860001
2016-12-29,78.160004,82.099998,78.110001,82.040001,000,82.040001
2016-12-28,75.879997,77.419998,75.529999,77.300003,000,77.300003
2016-12-27,75.300003,76.25,74.779999,76.00,000,76.00
2016-12-23,73.199997,74.580002,73.160004,74.230003,000,74.230003
2016-12-22,73.209999,74.629997,72.839996,73.029999,000,73.029999
2016-12-21,74.040001,74.25,73.050003,73.650002,000,73.650002
2016-12-20,72.139999,73.889999,71.629997,73.809998,000,73.809998
2016-12-19,73.410004,74.32,72.989998,73.529999,000,73.529999
2016-12-16,74.220001,75.239998,72.830002,73.410004,000,73.410004
2016-12-15,75.900002,75.949997,72.660004,73.709999,000,73.709999
2016-12-14,81.769997,82.449997,76.949997,77.019997,000,77.019997
2016-12-13,80.269997,81.349998,79.540001,81.190002,000,81.190002
2016-12-12,80.809998,81.449997,79.82,80.260002,000,80.260002
2016-12-09,82.290001,82.849998,79.620003,80.080002,000,80.080002
2016-12-08,82.669998,83.029999,81.68,82.57,000,82.57
2016-12-07,83.139999,84.00,81.769997,82.57,000,82.57
2016-12-06,82.629997,84.00,81.709999,82.150002,000,82.150002
2016-12-05,81.059998,83.760002,80.110001,82.790001,000,82.790001
2016-12-02,80.010002,82.809998,79.889999,82.300003,000,82.300003
2016-12-01,79.410004,81.209999,78.169998,79.309998,000,79.309998
2016-11-30,80.120003,80.599998,78.82,79.879997,000,79.879997
2016-11-29,80.330002,81.419998,79.589996,80.879997,000,80.879997
2016-11-28,79.949997,81.779999,79.32,81.690002,000,81.690002
2016-11-25,79.379997,80.019997,78.769997,79.129997,000,79.129997
2016-11-23,80.769997,80.800003,77.360001,78.919998,000,78.919998
2016-11-22,81.510002,82.169998,79.620003,81.980003,000,81.980003
2016-11-21,80.279999,81.989998,80.269997,81.080002,000,81.080002
2016-11-18,78.989998,80.089996,78.169998,79.309998,000,79.309998
2016-11-17,81.839996,83.209999,78.660004,79.849998,000,79.849998
2016-11-16,81.940002,82.120003,79.870003,81.50,000,81.50
2016-11-15,78.910004,82.629997,78.209999,82.400002,000,82.400002
2016-11-14,77.220001,80.449997,75.540001,78.830002,000,78.830002
2016-11-11,83.580002,83.919998,77.510002,78.050003,000,78.050003
2016-11-10,89.470001,89.57,83.32,83.82,000,83.82
2016-11-09,88.110001,92.360001,87.989998,89.830002,000,89.830002
2016-11-08,87.099998,89.269997,85.760002,87.190002,000,87.190002
2016-11-07,87.610001,87.809998,85.339996,86.720001,000,86.720001
2016-11-04,89.230003,89.68,87.980003,89.120003,000,89.120003
2016-11-03,87.650002,90.160004,87.230003,89.330002,000,89.330002
2016-11-02,90.480003,92.160004,87.010002,87.720001,000,87.720001
2016-11-01,88.709999,90.610001,88.330002,89.309998,000,89.309998
2016-10-31,85.080002,86.989998,84.209999,86.949997,000,86.949997
2016-10-28,83.989998,86.169998,83.550003,84.769997,000,84.769997
2016-10-27,85.900002,86.349998,83.419998,84.260002,000,84.260002
2016-10-26,86.919998,87.510002,84.449997,85.43,000,85.43
2016-10-25,85.690002,88.209999,85.650002,87.309998,000,87.309998
2016-10-24,87.360001,87.669998,84.099998,85.169998,000,85.169998
2016-10-21,86.989998,87.449997,86.309998,86.870003,000,86.870003
2016-10-20,87.540001,87.610001,85.720001,87.470001,000,87.470001
2016-10-19,86.300003,88.139999,85.57,87.589996,000,87.589996
2016-10-18,83.440002,85.440002,82.959999,85.339996,000,85.339996
2016-10-17,81.260002,82.879997,81.239998,82.230003,000,82.230003
2016-10-14,82.089996,83.349998,80.720001,81.029999,000,81.029999
2016-10-13,82.160004,84.830002,80.769997,82.589996,000,82.589996
2016-10-12,80.440002,82.82,80.260002,81.93,000,81.93
2016-10-11,81.589996,81.940002,79.879997,80.169998,000,80.169998
2016-10-10,82.029999,82.849998,81.50,81.93,000,81.93
2016-10-07,82.559998,84.230003,80.080002,81.32,000,81.32
2016-10-06,82.610001,82.809998,80.650002,81.440002,000,81.440002
2016-10-05,84.209999,84.970001,81.849998,83.879997,000,83.879997
2016-10-04,90.730003,90.730003,83.230003,83.419998,000,83.419998
2016-10-03,93.910004,94.730003,91.190002,92.07,000,92.07
2016-09-30,96.269997,97.019997,93.949997,94.00,000,94.00
2016-09-29,95.080002,96.00,93.589996,95.010002,000,95.010002
2016-09-28,93.150002,96.169998,91.639999,95.669998,000,95.669998
2016-09-27,93.529999,93.809998,91.730003,92.980003,000,92.980003
2016-09-26,96.129997,97.279999,94.440002,94.449997,000,94.449997
2016-09-23,98.260002,98.970001,95.18,95.760002,000,95.760002
2016-09-22,100.360001,101.760002,97.620003,98.779999,000,98.779999
2016-09-21,93.629997,99.459999,93.629997,99.199997,000,99.199997
2016-09-20,92.330002,93.059998,91.470001,92.43,000,92.43
2016-09-19,92.370003,93.370003,91.730003,92.279999,000,92.279999
2016-09-16,91.919998,93.309998,90.300003,91.50,000,91.50
2016-09-15,92.029999,94.110001,90.339996,92.709999,000,92.709999
2016-09-14,93.110001,94.379997,91.400002,92.279999,000,92.279999
2016-09-13,95.629997,95.629997,91.050003,92.239998,000,92.239998
2016-09-12,91.779999,97.330002,91.480003,96.75,000,96.75
2016-09-09,98.010002,98.010002,92.889999,93.459999,000,93.459999
2016-09-08,100.860001,101.730003,98.690002,99.279999,000,99.279999
2016-09-07,101.150002,101.349998,98.440002,101.080002,000,101.080002
2016-09-06,98.010002,101.57,97.900002,101.550003,000,101.550003
2016-09-02,95.110001,97.190002,94.50,96.629997,000,96.629997
2016-09-01,89.669998,93.470001,89.029999,93.32,000,93.32
2016-08-31,90.510002,91.50,89.839996,90.169998,000,90.169998
2016-08-30,95.830002,96.260002,91.050003,91.839996,000,91.839996
2016-08-29,94.669998,97.959999,94.669998,96.93,000,96.93
2016-08-26,98.260002,100.230003,94.779999,95.800003,000,95.800003
2016-08-25,94.720001,98.029999,93.870003,96.510002,000,96.510002
2016-08-24,102.349998,102.370003,94.809998,95.339996,000,95.339996
2016-08-23,106.349998,106.639999,103.769997,103.889999,000,103.889999
2016-08-22,105.589996,106.040001,104.709999,105.709999,000,105.709999
2016-08-19,109.190002,109.190002,107.32,107.690002,000,107.690002
2016-08-18,110.089996,110.959999,109.139999,110.720001,000,110.720001
2016-08-17,109.75,110.07,106.599998,109.239998,000,109.239998
2016-08-16,111.959999,112.279999,110.309998,110.830002,000,110.830002
2016-08-15,111.849998,113.040001,111.099998,111.470001,000,111.470001
2016-08-12,113.580002,114.470001,111.309998,111.730003,000,111.730003
2016-08-11,112.800003,114.709999,112.00,112.290001,000,112.290001
2016-08-10,113.080002,114.419998,111.760002,112.730003,000,112.730003
2016-08-09,110.919998,111.910004,110.519997,111.099998,000,111.099998
2016-08-08,109.370003,112.059998,109.220001,110.389999,000,110.389999
2016-08-05,111.43,111.440002,108.300003,109.610001,000,109.610001
2016-08-04,111.800003,113.580002,111.800003,112.830002,000,112.830002
2016-08-03,112.209999,112.379997,110.220001,111.93,000,111.93
2016-08-02,112.620003,114.169998,112.059998,112.860001,000,112.860001
2016-08-01,110.720001,111.769997,109.129997,111.610001,000,111.610001
2016-07-29,108.889999,111.07,108.410004,110.279999,000,110.279999
2016-07-28,108.040001,109.040001,105.870003,107.739998,000,107.739998
2016-07-27,104.220001,108.309998,102.629997,107.589996,000,107.589996
2016-07-26,101.230003,103.639999,99.879997,103.00,000,103.00
2016-07-25,102.739998,102.739998,98.650002,99.889999,000,99.889999
2016-07-22,103.040001,104.309998,102.610001,103.739998,000,103.739998
2016-07-21,101.160004,104.57,101.059998,104.040001,000,104.040001
2016-07-20,104.910004,104.910004,100.099998,100.470001,000,100.470001
2016-07-19,107.970001,108.209999,106.589996,106.800003,000,106.800003
2016-07-18,107.50,108.43,106.760002,108.419998,000,108.419998
2016-07-15,107.260002,108.910004,107.160004,107.730003,000,107.730003
2016-07-14,106.93,108.610001,105.080002,108.410004,000,108.410004
2016-07-13,106.739998,109.139999,106.07,108.459999,000,108.459999
2016-07-12,107.779999,108.610001,105.18,105.209999,000,105.209999
2016-07-11,106.370003,108.889999,106.190002,108.199997,000,108.199997
2016-07-08,104.00,107.50,103.489998,107.190002,000,107.190002
2016-07-07,105.790001,105.82,103.209999,103.839996,000,103.839996
2016-07-06,104.610001,107.239998,104.589996,106.860001,000,106.860001
2016-07-05,103.440002,104.410004,100.730003,103.470001,000,103.470001
2016-07-01,99.410004,102.809998,99.400002,102.50,000,102.50
2016-06-30,96.93,97.779999,95.470001,97.639999,000,97.639999
2016-06-29,94.279999,96.989998,94.279999,95.800003,000,95.800003
2016-06-28,92.910004,94.849998,92.690002,93.269997,000,93.269997
2016-06-27,94.449997,96.220001,91.610001,94.059998,000,94.059998
2016-06-24,91.370003,95.389999,91.360001,93.699997,000,93.699997
2016-06-23,90.309998,91.529999,89.620003,90.43,000,90.43
2016-06-22,89.510002,90.959999,88.32,90.889999,000,90.889999
2016-06-21,90.07,90.080002,88.730003,89.25,000,89.25
2016-06-20,89.339996,91.650002,88.260002,91.019997,000,91.019997
2016-06-17,90.870003,91.989998,89.190002,90.339996,000,90.339996
2016-06-16,93.370003,94.989998,88.889999,89.860001,000,89.860001
2016-06-15,88.57,93.540001,88.57,92.419998,000,92.419998
2016-06-14,90.75,90.860001,87.300003,88.519997,000,88.519997
2016-06-13,91.480003,92.709999,89.410004,90.580002,000,90.580002
2016-06-10,92.639999,94.190002,89.959999,90.389999,000,90.389999
2016-06-09,91.559998,92.50,90.690002,92.339996,000,92.339996
2016-06-08,89.540001,93.690002,89.510002,91.610001,000,91.610001
2016-06-07,88.900002,89.93,88.18,88.629997,000,88.629997
2016-06-06,89.339996,90.110001,87.860001,89.910004,000,89.910004
2016-06-03,82.040001,89.230003,82.040001,89.059998,000,89.059998
2016-06-02,79.800003,81.589996,79.269997,80.650002,000,80.650002
2016-06-01,81.040001,81.760002,79.050003,80.440002,000,80.440002
2016-05-31,79.010002,82.18,78.620003,80.580002,000,80.580002
2016-05-27,81.260002,82.029999,79.07,79.410004,000,79.410004
2016-05-26,83.050003,84.449997,81.470001,82.120003,000,82.120003
2016-05-25,79.519997,82.830002,77.989998,82.230003,000,82.230003
2016-05-24,84.360001,84.389999,80.050003,80.150002,000,80.150002
2016-05-23,84.230003,86.550003,83.029999,85.099998,000,85.099998
2016-05-20,86.150002,86.50,83.129997,85.440002,000,85.440002
2016-05-19,82.550003,85.540001,80.75,85.339996,000,85.339996
2016-05-18,90.150002,90.489998,83.510002,83.68,000,83.68
2016-05-17,88.860001,92.440002,87.989998,90.93,000,90.93
2016-05-16,88.199997,90.839996,88.199997,89.209999,000,89.209999
2016-05-13,86.669998,88.610001,86.349998,86.980003,000,86.980003
2016-05-12,88.50,89.57,85.900002,86.489998,000,86.489998
2016-05-11,86.690002,89.269997,85.260002,88.25,000,88.25
2016-05-10,82.550003,85.919998,81.709999,85.589996,000,85.589996
2016-05-09,87.32,87.349998,82.279999,82.480003,000,82.480003
2016-05-06,86.019997,89.68,85.970001,88.529999,000,88.529999
2016-05-05,84.459999,86.540001,83.690002,85.150002,000,85.150002
2016-05-04,85.970001,87.809998,82.699997,83.269997,000,83.269997
2016-05-03,90.589996,90.800003,86.699997,87.230003,000,87.230003
2016-05-02,93.279999,93.660004,89.669998,90.730003,000,90.730003
2016-04-29,87.699997,92.870003,87.690002,92.849998,000,92.849998
2016-04-28,83.82,87.949997,83.82,86.900002,000,86.900002
2016-04-27,82.349998,83.610001,81.139999,83.43,000,83.43
2016-04-26,80.650002,82.139999,79.18,82.07,000,82.07
2016-04-25,80.910004,81.580002,79.489998,80.160004,000,80.160004
2016-04-22,82.360001,83.660004,79.970001,80.860001,000,80.860001
2016-04-21,82.400002,84.209999,81.449997,82.589996,000,82.589996
2016-04-20,82.980003,85.269997,81.110001,81.519997,000,81.519997
2016-04-19,79.57,83.410004,79.57,82.989998,000,82.989998
2016-04-18,78.459999,78.809998,77.050003,78.43,000,78.43
2016-04-15,76.269997,78.43,75.300003,77.919998,000,77.919998
2016-04-14,78.080002,78.300003,74.809998,75.970001,000,75.970001
2016-04-13,79.330002,80.360001,78.239998,78.43,000,78.43
2016-04-12,79.120003,80.449997,77.919998,79.910004,000,79.910004
2016-04-11,74.529999,78.860001,74.529999,78.629997,000,78.629997
2016-04-08,71.230003,74.519997,71.220001,74.019997,000,74.019997
2016-04-07,70.629997,71.690002,70.620003,71.089996,000,71.089996
2016-04-06,69.029999,69.980003,68.370003,69.879997,000,69.879997
2016-04-05,68.190002,69.760002,67.57,69.610001,000,69.610001
2016-04-04,69.559998,69.57,67.470001,67.629997,000,67.629997
2016-04-01,68.50,69.720001,66.709999,69.720001,000,69.720001
2016-03-31,70.949997,71.339996,69.480003,69.510002,000,69.510002
2016-03-30,70.550003,71.110001,68.720001,70.32,000,70.32
2016-03-29,67.089996,71.220001,66.709999,70.75,000,70.75
2016-03-28,67.82,67.919998,65.93,67.220001,000,67.220001
2016-03-24,66.139999,67.790001,65.449997,67.480003,000,67.480003
2016-03-23,70.029999,70.029999,66.07,66.099998,000,66.099998
2016-03-22,72.089996,72.620003,70.779999,71.32,000,71.32
2016-03-21,70.580002,72.32,70.269997,71.43,000,71.43
2016-03-18,70.970001,72.519997,70.709999,71.18,000,71.18
2016-03-17,72.120003,73.809998,70.699997,70.919998,000,70.919998
2016-03-16,66.129997,71.510002,65.150002,71.389999,000,71.389999
2016-03-15,65.849998,66.839996,64.470001,66.75,000,66.75
2016-03-14,68.720001,69.160004,66.169998,66.370003,000,66.370003
2016-03-11,69.190002,70.120003,67.809998,68.089996,000,68.089996
2016-03-10,67.290001,69.809998,67.019997,69.279999,000,69.279999
2016-03-09,64.550003,67.169998,63.360001,66.599998,000,66.599998
2016-03-08,69.330002,70.029999,65.459999,65.879997,000,65.879997
2016-03-07,67.510002,70.459999,67.510002,68.940002,000,68.940002
2016-03-04,67.339996,70.800003,66.150002,66.75,000,66.75
2016-03-03,64.150002,67.339996,64.040001,66.889999,000,66.889999
2016-03-02,61.860001,64.300003,61.459999,64.019997,000,64.019997
2016-03-01,64.360001,64.620003,61.16,61.610001,000,61.610001
2016-02-29,62.549999,64.029999,62.549999,63.919998,000,63.919998
2016-02-26,63.240002,63.66,61.43,61.900002,000,61.900002
2016-02-25,62.529999,63.709999,62.00,63.529999,000,63.529999
2016-02-24,63.099998,65.059998,62.00,62.889999,000,62.889999
2016-02-23,61.970001,63.189999,61.709999,62.389999,000,62.389999
2016-02-22,59.740002,62.080002,59.369999,61.470001,000,61.470001
2016-02-19,61.209999,62.27,60.380001,60.529999,000,60.529999
2016-02-18,57.970001,61.880001,57.610001,61.549999,000,61.549999
2016-02-17,57.549999,59.360001,57.200001,58.709999,000,58.709999
2016-02-16,60.040001,60.040001,56.669998,57.240002,000,57.240002
2016-02-12,58.009998,60.759998,57.419998,60.639999,000,60.639999
2016-02-11,56.209999,60.130001,56.209999,58.759998,000,58.759998
2016-02-10,53.900002,55.459999,51.849998,55.400002,000,55.400002
2016-02-09,57.099998,57.630001,54.080002,54.34,000,54.34
2016-02-08,55.799999,58.720001,55.779999,56.779999,000,56.779999
2016-02-05,51.939999,55.349998,50.700001,55.299999,000,55.299999
2016-02-04,50.709999,53.669998,50.689999,52.619999,000,52.619999
2016-02-03,46.66,50.07,46.66,50.02,000,50.02
2016-02-02,46.900002,47.130001,45.560001,46.25,000,46.25
2016-02-01,46.459999,47.669998,46.459999,47.360001,000,47.360001
2016-01-29,44.540001,46.040001,44.52,45.959999,000,45.959999
2016-01-28,45.150002,45.68,43.939999,44.709999,000,44.709999
2016-01-27,44.25,45.720001,43.849998,45.66,000,45.66
2016-01-26,42.630001,44.779999,42.630001,44.439999,000,44.439999
2016-01-25,41.25,42.450001,41.23,42.09,000,42.09
2016-01-22,40.240002,41.59,39.889999,40.919998,000,40.919998
2016-01-21,39.740002,40.73,38.970001,40.619999,000,40.619999
2016-01-20,39.52,40.43,38.619999,40.099998,000,40.099998
2016-01-19,41.580002,41.689999,38.360001,38.84,000,38.84
2016-01-15,42.220001,42.59,41.150002,41.419998,000,41.419998
2016-01-14,42.639999,43.02,40.830002,41.52,000,41.52
2016-01-13,42.73,43.720001,42.189999,43.049999,000,43.049999
2016-01-12,44.060001,44.099998,41.84,42.849998,000,42.849998
2016-01-11,47.23,47.540001,43.939999,44.380001,000,44.380001
2016-01-08,47.529999,47.740002,46.349998,47.099998,000,47.099998
2016-01-07,47.310001,48.98,46.919998,48.459999,000,48.459999
2016-01-06,46.669998,47.419998,46.66,46.810001,000,46.810001
2016-01-05,46.599998,46.73,45.779999,46.18,000,46.18
2016-01-04,45.779999,47.110001,45.540001,46.400002,000,46.400002
2015-12-31,45.09,45.490002,44.82,45.299999,000,45.299999
2015-12-30,45.560001,45.57,44.91,45.200001,000,45.200001
2015-12-29,46.43,46.700001,45.599998,46.150002,000,46.150002
2015-12-28,47.23,47.23,45.599998,45.779999,000,45.779999
2015-12-24,47.009998,48.00,47.009998,47.810001,000,47.810001
2015-12-23,45.650002,46.759998,45.650002,46.709999,000,46.709999
2015-12-22,45.130001,46.009998,45.099998,45.360001,000,45.360001
2015-12-21,45.130001,46.040001,45.110001,45.330002,000,45.330002
2015-12-18,43.59,45.400002,43.59,44.540001,000,44.540001
2015-12-17,46.110001,46.110001,43.18,43.209999,000,43.209999
2015-12-16,45.310001,46.91,45.310001,46.700001,000,46.700001
2015-12-15,44.91,45.330002,44.18,44.68,000,44.68
2015-12-14,47.049999,47.110001,44.540001,44.57,000,44.57
2015-12-11,46.830002,48.200001,46.50,47.41,000,47.41
2015-12-10,47.02,48.240002,46.919998,47.369999,000,47.369999
2015-12-09,47.16,48.279999,46.740002,47.209999,000,47.209999
2015-12-08,47.209999,47.299999,45.98,46.470001,000,46.470001
2015-12-07,49.380001,49.380001,46.93,47.299999,000,47.299999
2015-12-04,47.560001,49.959999,47.560001,49.950001,000,49.950001
2015-12-03,46.889999,47.889999,46.639999,47.169998,000,47.169998
2015-12-02,47.060001,47.349998,45.759998,46.540001,000,46.540001
2015-12-01,46.330002,47.77,45.93,47.689999,000,47.689999
2015-11-30,45.169998,46.240002,45.150002,46.150002,000,46.150002
2015-11-27,45.189999,45.48,44.75,44.919998,000,44.919998
2015-11-25,45.610001,46.720001,45.330002,45.959999,000,45.959999
2015-11-24,44.860001,46.360001,44.860001,46.150002,000,46.150002
2015-11-23,44.389999,44.91,44.09,44.419998,000,44.419998
2015-11-20,46.720001,47.080002,44.540001,44.77,000,44.77
2015-11-19,45.900002,46.990002,45.669998,46.52,000,46.52
2015-11-18,43.830002,45.580002,43.349998,45.48,000,45.48
2015-11-17,45.790001,45.799999,43.439999,43.630001,000,43.630001
2015-11-16,45.799999,46.599998,45.799999,46.110001,000,46.110001
2015-11-13,45.009998,45.919998,44.869999,45.560001,000,45.560001
2015-11-12,45.209999,46.419998,44.50,45.23,000,45.23
2015-11-11,45.650002,46.119999,45.240002,45.939999,000,45.939999
2015-11-10,46.290001,46.57,45.599998,45.68,000,45.68
2015-11-09,46.00,47.169998,45.220001,47.049999,000,47.049999
2015-11-06,47.490002,47.490002,45.689999,46.009998,000,46.009998
2015-11-05,50.389999,50.389999,47.91,48.240002,000,48.240002
2015-11-04,52.330002,52.669998,50.360001,50.490002,000,50.490002
2015-11-03,51.380001,52.330002,50.959999,51.849998,000,51.849998
2015-11-02,51.060001,52.400002,50.380001,51.919998,000,51.919998
2015-10-30,52.189999,53.080002,51.450001,51.450001,000,51.450001
2015-10-29,53.709999,54.439999,51.880001,52.25,000,52.25
2015-10-28,55.139999,57.299999,53.209999,54.09,000,54.09
2015-10-27,54.290001,55.259998,53.59,54.57,000,54.57
2015-10-26,56.189999,56.220001,54.540001,54.540001,000,54.540001
2015-10-23,55.27,56.689999,54.349998,56.299999,000,56.299999
2015-10-22,53.630001,55.490002,53.59,54.889999,000,54.889999
2015-10-21,55.16,55.16,53.389999,53.650002,000,53.650002
2015-10-20,53.990002,56.169998,53.939999,55.639999,000,55.639999
2015-10-19,55.700001,56.130001,53.360001,53.59,000,53.59
2015-10-16,57.830002,58.139999,55.970001,56.029999,000,56.029999
2015-10-15,57.32,58.119999,56.389999,57.959999,000,57.959999
2015-10-14,54.790001,57.93,54.790001,57.779999,000,57.779999
2015-10-13,53.830002,55.16,53.240002,54.060001,000,54.060001
2015-10-12,56.720001,57.07,53.43,53.950001,000,53.950001
2015-10-09,54.57,56.259998,54.57,56.040001,000,56.040001
2015-10-08,53.349998,55.91,52.950001,53.650002,000,53.650002
2015-10-07,53.650002,54.490002,52.919998,53.98,000,53.98
2015-10-06,51.889999,54.099998,51.869999,53.380001,000,53.380001
2015-10-05,49.200001,51.369999,49.18,51.279999,000,51.279999
2015-10-02,46.139999,49.049999,46.110001,49.02,000,49.02
2015-10-01,46.759998,47.360001,44.970001,45.200001,000,45.200001
2015-09-30,44.52,46.25,44.32,46.25,000,46.25
2015-09-29,44.900002,45.93,44.619999,44.84,000,44.84
2015-09-28,46.34,46.34,44.540001,44.630001,000,44.630001
2015-09-25,47.279999,47.619999,46.84,47.27,000,47.27
2015-09-24,45.349998,48.009998,45.32,47.889999,000,47.889999
2015-09-23,45.779999,45.990002,44.48,44.610001,000,44.610001
2015-09-22,46.470001,46.470001,44.950001,45.23,000,45.23
2015-09-21,48.330002,48.540001,47.360001,47.439999,000,47.439999
2015-09-18,48.84,49.77,47.66,48.669998,000,48.669998
2015-09-17,46.950001,49.040001,46.389999,48.470001,000,48.470001
2015-09-16,44.779999,47.369999,44.779999,47.310001,000,47.310001
2015-09-15,44.23,45.34,44.009998,44.27,000,44.27
2015-09-14,44.619999,45.130001,43.549999,44.27,000,44.27
2015-09-11,44.040001,45.150002,42.720001,45.029999,000,45.029999
2015-09-10,44.869999,45.419998,44.16,44.439999,000,44.439999
2015-09-09,45.52,46.009998,44.220001,44.48,000,44.48
2015-09-08,45.450001,46.389999,45.080002,45.77,000,45.77
2015-09-04,45.290001,45.470001,44.259998,45.330002,000,45.330002
2015-09-03,45.66,47.880001,45.59,45.619999,000,45.619999
2015-09-02,46.709999,47.369999,45.259998,46.23,000,46.23
2015-09-01,48.470001,49.450001,46.689999,46.810001,000,46.810001
2015-08-31,48.169998,48.630001,46.639999,48.43,000,48.43
2015-08-28,46.880001,49.32,46.869999,48.82,000,48.82
2015-08-27,44.18,47.490002,44.00,46.84,000,46.84
2015-08-26,45.900002,45.900002,43.59,43.970001,000,43.970001
2015-08-25,48.59,48.759998,46.049999,46.189999,000,46.189999
2015-08-24,51.75,52.810001,47.77,48.09,000,48.09
2015-08-21,54.139999,54.740002,51.869999,52.169998,000,52.169998
2015-08-20,52.509998,54.650002,52.509998,53.75,000,53.75
2015-08-19,50.889999,52.25,50.889999,51.959999,000,51.959999
2015-08-18,50.860001,51.150002,49.869999,50.560001,000,50.560001
2015-08-17,50.130001,51.75,50.130001,51.560001,000,51.560001
2015-08-14,50.779999,51.290001,49.34,49.709999,000,49.709999
2015-08-13,52.169998,52.169998,49.790001,50.09,000,50.09
2015-08-12,50.310001,52.91,50.310001,52.860001,000,52.860001
2015-08-11,49.439999,49.619999,47.650002,49.470001,000,49.470001
2015-08-10,45.970001,49.259998,45.400002,49.240002,000,49.240002
2015-08-07,45.950001,47.509998,45.459999,45.700001,000,45.700001
2015-08-06,44.779999,46.689999,44.450001,45.860001,000,45.860001
2015-08-05,45.990002,46.689999,44.459999,44.509998,000,44.509998
2015-08-04,45.950001,46.540001,45.139999,45.669998,000,45.669998
2015-08-03,47.34,47.34,45.389999,45.540001,000,45.540001
2015-07-31,47.209999,48.00,46.900002,47.57,000,47.57
2015-07-30,48.049999,48.049999,46.360001,46.639999,000,46.639999
2015-07-29,47.41,48.82,47.110001,48.369999,000,48.369999
2015-07-28,47.00,47.98,46.869999,47.470001,000,47.470001
2015-07-27,48.200001,49.77,46.34,46.66,000,46.66
2015-07-24,46.849998,48.799999,45.740002,48.52,000,48.52
2015-07-23,50.040001,50.150002,47.040001,47.290001,000,47.290001
2015-07-22,49.459999,50.310001,48.240002,49.650002,000,49.650002
2015-07-21,48.869999,51.25,48.869999,50.009998,000,50.009998
2015-07-20,53.43,53.43,48.529999,48.630001,000,48.630001
2015-07-17,56.419998,56.419998,54.110001,54.200001,000,54.200001
2015-07-16,57.299999,57.330002,56.599998,56.900002,000,56.900002
2015-07-15,58.630001,58.630001,57.25,57.349998,000,57.349998
2015-07-14,59.360001,59.990002,59.00,59.00,000,59.00
2015-07-13,58.549999,59.48,57.580002,59.48,000,59.48
2015-07-10,59.950001,60.189999,58.700001,59.009998,000,59.009998
2015-07-09,60.830002,60.93,59.419998,59.689999,000,59.689999
2015-07-08,60.740002,61.41,59.869999,59.950001,000,59.950001
2015-07-07,62.459999,62.459999,59.939999,60.41,000,60.41
2015-07-06,62.34,64.040001,61.900002,63.50,000,63.50
2015-07-02,61.610001,62.689999,61.610001,62.650002,000,62.650002
2015-07-01,63.049999,63.049999,61.09,61.369999,000,61.369999
2015-06-30,63.50,64.160004,62.77,63.139999,000,63.139999
2015-06-29,64.769997,64.980003,63.830002,63.91,000,63.91
2015-06-26,64.879997,65.339996,64.639999,64.68,000,64.68
2015-06-25,65.800003,66.129997,64.949997,65.099998,000,65.099998
2015-06-24,65.660004,66.43,65.559998,65.849998,000,65.849998
2015-06-23,65.269997,66.199997,65.209999,65.739998,000,65.739998
2015-06-22,66.169998,66.360001,65.550003,65.599998,000,65.599998
2015-06-19,68.120003,68.269997,66.309998,66.650002,000,66.650002
2015-06-18,68.160004,68.940002,68.07,68.370003,000,68.370003
2015-06-17,65.889999,67.540001,65.43,67.449997,000,67.449997
2015-06-16,66.620003,66.620003,65.889999,65.989998,000,65.989998
2015-06-15,66.32,67.739998,65.970001,66.949997,000,66.949997
2015-06-12,66.940002,67.269997,66.269997,66.550003,000,66.550003
2015-06-11,68.160004,68.160004,66.949997,67.129997,000,67.129997
2015-06-10,68.440002,68.959999,68.07,68.470001,000,68.470001
2015-06-09,68.410004,69.059998,67.470001,67.559998,000,67.559998
2015-06-08,67.910004,68.129997,67.00,68.129997,000,68.129997
2015-06-05,68.209999,68.220001,66.989998,67.720001,000,67.720001
2015-06-04,68.550003,68.739998,68.029999,68.629997,000,68.629997
2015-06-03,70.18,70.559998,68.970001,69.25,000,69.25
2015-06-02,69.629997,70.919998,69.620003,70.529999,000,70.529999
2015-06-01,70.099998,70.660004,69.129997,69.290001,000,69.290001
2015-05-29,69.860001,70.379997,69.269997,69.699997,000,69.699997
2015-05-28,68.699997,69.900002,68.169998,69.830002,000,69.830002
2015-05-27,68.620003,68.93,67.93,68.760002,000,68.760002
2015-05-26,70.050003,70.059998,68.279999,68.690002,000,68.690002
2015-05-22,71.769997,71.980003,71.110001,71.25,000,71.25
2015-05-21,71.989998,72.220001,71.599998,71.849998,000,71.849998
2015-05-20,72.190002,72.860001,72.040001,72.07,000,72.07
2015-05-19,73.800003,73.82,71.949997,71.980003,000,71.980003
2015-05-18,75.349998,75.809998,74.709999,74.870003,000,74.870003
2015-05-15,74.75,75.919998,74.449997,75.120003,000,75.120003
2015-05-14,75.949997,77.059998,75.110001,75.360001,000,75.360001
2015-05-13,74.379997,75.879997,74.379997,75.239998,000,75.239998
2015-05-12,73.07,73.830002,72.849998,73.529999,000,73.529999
2015-05-11,72.669998,73.43,72.190002,72.779999,000,72.779999
2015-05-08,72.059998,72.900002,71.339996,72.470001,000,72.470001
2015-05-07,71.169998,71.870003,69.879997,71.790001,000,71.790001
2015-05-06,73.290001,73.449997,71.220001,71.540001,000,71.540001
2015-05-05,74.290001,74.839996,72.470001,72.93,000,72.93
2015-05-04,73.889999,74.57,73.150002,73.449997,000,73.449997
2015-05-01,72.330002,73.43,72.169998,73.190002,000,73.190002
2015-04-30,73.800003,73.800003,71.949997,72.870003,000,72.870003
2015-04-29,74.139999,75.410004,73.709999,74.709999,000,74.709999
2015-04-28,72.080002,74.32,72.07,74.120003,000,74.120003
2015-04-27,70.519997,73.00,70.519997,71.68,000,71.68
2015-04-24,70.470001,71.360001,69.790001,69.949997,000,69.949997
2015-04-23,69.559998,71.059998,69.139999,70.629997,000,70.629997
2015-04-22,71.080002,71.169998,69.300003,69.379997,000,69.379997
2015-04-21,71.050003,71.669998,70.550003,71.220001,000,71.220001
2015-04-20,70.68,71.269997,70.019997,71.199997,000,71.199997
2015-04-17,71.199997,71.989998,70.580002,70.949997,000,70.949997
2015-04-16,72.18,72.639999,70.559998,70.900002,000,70.900002
2015-04-15,69.360001,72.00,69.360001,71.830002,000,71.830002
2015-04-14,68.529999,69.650002,68.410004,69.110001,000,69.110001
2015-04-13,69.199997,69.389999,68.25,68.300003,000,68.300003
2015-04-10,68.290001,69.379997,68.290001,69.269997,000,69.269997
2015-04-09,67.410004,68.209999,66.980003,67.669998,000,67.669998
2015-04-08,69.209999,69.470001,67.699997,68.080002,000,68.080002
2015-04-07,69.970001,70.540001,68.940002,69.07,000,69.07
2015-04-06,68.870003,70.82,68.870003,70.480003,000,70.480003
2015-04-02,68.449997,69.169998,67.309998,67.959999,000,67.959999
2015-04-01,66.040001,69.099998,66.040001,68.900002,000,68.900002
2015-03-31,66.360001,66.790001,65.099998,65.50,000,65.50
2015-03-30,66.879997,67.349998,66.129997,66.519997,000,66.519997
2015-03-27,68.099998,68.669998,66.75,67.730003,000,67.730003
2015-03-26,70.389999,71.470001,67.849998,68.389999,000,68.389999
2015-03-25,71.099998,71.440002,69.43,69.489998,000,69.489998
2015-03-24,70.860001,71.150002,70.00,70.559998,000,70.559998
2015-03-23,69.580002,70.989998,69.580002,70.809998,000,70.809998
2015-03-20,67.68,70.269997,67.68,69.269997,000,69.269997
2015-03-19,67.339996,67.830002,66.150002,67.230003,000,67.230003
2015-03-18,64.169998,67.660004,63.759998,67.580002,000,67.580002
2015-03-17,64.889999,65.889999,64.18,64.389999,000,64.389999
2015-03-16,65.730003,66.00,64.07,65.50,000,65.50
2015-03-13,65.550003,65.68,63.549999,65.580002,000,65.580002
2015-03-12,66.389999,66.879997,64.900002,65.57,000,65.57
2015-03-11,63.830002,66.099998,62.48,65.970001,000,65.970001
2015-03-10,64.870003,65.980003,63.23,63.779999,000,63.779999
2015-03-09,67.940002,67.959999,64.989998,65.230003,000,65.230003
2015-03-06,71.550003,71.550003,67.230003,67.599998,000,67.599998
2015-03-05,72.940002,73.75,72.089996,72.529999,000,72.529999
2015-03-04,73.709999,73.849998,72.370003,72.690002,000,72.690002
2015-03-03,75.410004,76.260002,73.57,73.809998,000,73.809998
2015-03-02,76.919998,76.970001,74.720001,75.260002,000,75.260002
2015-02-27,76.099998,77.629997,76.099998,76.940002,000,76.940002
2015-02-26,76.279999,76.610001,75.650002,75.839996,000,75.839996
2015-02-25,74.690002,75.699997,74.43,75.400002,000,75.400002
2015-02-24,73.730003,74.800003,73.339996,73.980003,000,73.980003
2015-02-23,73.769997,75.129997,73.230003,74.230003,000,74.230003
2015-02-20,74.919998,76.169998,74.25,74.279999,000,74.279999
2015-02-19,76.519997,76.709999,74.419998,74.68,000,74.68
2015-02-18,74.769997,76.660004,73.919998,76.470001,000,76.470001
2015-02-17,76.489998,76.489998,74.629997,74.800003,000,74.800003
2015-02-13,77.230003,78.120003,76.919998,77.120003,000,77.120003
2015-02-12,75.809998,76.93,75.480003,76.480003,000,76.480003
2015-02-11,77.00,77.190002,75.099998,75.370003,000,75.370003
2015-02-10,77.379997,77.480003,76.080002,76.879997,000,76.879997
2015-02-09,77.300003,78.839996,77.290001,78.25,000,78.25
2015-02-06,79.75,79.760002,76.660004,76.919998,000,76.919998
2015-02-05,79.440002,81.080002,79.019997,81.029999,000,81.029999
2015-02-04,79.650002,80.699997,78.660004,80.019997,000,80.019997
2015-02-03,79.800003,80.690002,78.099998,78.900002,000,78.900002
2015-02-02,77.300003,79.779999,76.25,79.400002,000,79.400002
2015-01-30,77.300003,79.779999,76.25,79.400002,000,79.400002
2015-01-29,77.709999,77.709999,75.349998,77.129997,000,77.129997
2015-01-28,81.059998,81.389999,77.639999,78.449997,000,78.449997
2015-01-27,79.910004,82.190002,79.809998,81.919998,000,81.919998
2015-01-26,77.489998,79.599998,75.760002,79.529999,000,79.529999
2015-01-23,80.480003,80.489998,77.720001,78.330002,000,78.330002
2015-01-22,81.699997,82.75,80.440002,81.120003,000,81.120003
2015-01-21,82.75,83.220001,79.339996,81.209999,000,81.209999
2015-01-20,80.029999,82.629997,80.029999,82.07,000,82.07
2015-01-16,77.669998,80.25,77.669998,79.519997,000,79.519997
2015-01-15,74.589996,78.010002,74.589996,77.209999,000,77.209999
2015-01-14,76.040001,76.260002,71.730003,73.279999,000,73.279999
2015-01-13,79.699997,79.940002,74.370003,75.300003,000,75.300003
2015-01-12,76.489998,79.989998,76.190002,79.029999,000,79.029999
2015-01-09,74.169998,76.220001,74.169998,76.169998,000,76.169998
2015-01-08,74.779999,76.110001,72.790001,73.330002,000,73.330002
2015-01-07,74.760002,76.599998,73.379997,74.610001,000,74.610001
2015-01-06,72.290001,76.330002,72.279999,75.839996,000,75.839996
2015-01-05,70.919998,71.879997,69.389999,71.800003,000,71.800003
2015-01-02,68.18,70.550003,67.339996,70.510002,000,70.510002
2014-12-31,68.669998,69.419998,67.529999,68.779999,000,68.779999
2014-12-30,67.550003,69.93,67.550003,69.059998,000,69.059998
2014-12-29,68.150002,68.290001,66.419998,66.68,000,66.68
2014-12-26,67.510002,69.199997,67.510002,68.400002,000,68.400002
2014-12-24,64.870003,67.150002,64.230003,66.580002,000,66.580002
2014-12-23,65.339996,67.699997,64.470001,64.82,000,64.82
2014-12-22,69.089996,69.110001,64.940002,65.360001,000,65.360001
2014-12-19,69.300003,70.519997,68.959999,69.360001,000,69.360001
2014-12-18,67.50,69.559998,66.650002,69.470001,000,69.470001
2014-12-17,63.48,66.720001,63.209999,66.510002,000,66.510002
2014-12-16,64.93,65.949997,62.939999,63.150002,000,63.150002
2014-12-15,68.010002,69.129997,64.050003,64.089996,000,64.089996
2014-12-12,69.669998,70.489998,68.330002,68.68,000,68.68
2014-12-11,70.349998,72.339996,69.449997,69.959999,000,69.959999
2014-12-10,73.220001,74.620003,70.790001,71.00,000,71.00
2014-12-09,71.419998,74.410004,71.419998,73.309998,000,73.309998
2014-12-08,70.669998,71.099998,68.160004,70.18,000,70.18
2014-12-05,70.739998,71.400002,69.400002,70.150002,000,70.150002
2014-12-04,72.989998,73.550003,71.18,71.459999,000,71.459999
2014-12-03,71.300003,73.970001,71.290001,73.07,000,73.07
2014-12-02,71.629997,73.040001,70.239998,70.669998,000,70.669998
2014-12-01,69.389999,73.260002,69.389999,73.120003,000,73.120003
2014-11-28,72.220001,72.220001,68.220001,68.389999,000,68.389999
2014-11-26,75.18,75.260002,74.330002,74.440002,000,74.440002
2014-11-25,72.839996,75.489998,72.779999,75.419998,000,75.419998
2014-11-24,73.349998,74.160004,72.269997,72.769997,000,72.769997
2014-11-21,74.00,75.190002,72.989998,73.769997,000,73.769997
2014-11-20,72.120003,73.639999,71.809998,73.07,000,73.07
2014-11-19,74.809998,74.82,70.989998,71.209999,000,71.209999
2014-11-18,72.860001,75.269997,72.589996,75.099998,000,75.099998
2014-11-17,70.589996,72.410004,69.540001,71.940002,000,71.940002
2014-11-14,66.050003,71.050003,65.199997,70.82,000,70.82
2014-11-13,68.309998,68.57,66.370003,66.699997,000,66.699997
2014-11-12,68.269997,69.50,66.389999,67.709999,000,67.709999
2014-11-11,65.550003,68.879997,65.550003,67.870003,000,67.870003
2014-11-10,68.57,68.57,64.760002,65.089996,000,65.089996
2014-11-07,64.900002,69.199997,64.900002,69.040001,000,69.040001
2014-11-06,62.18,65.540001,62.18,64.269997,000,64.269997
2014-11-05,63.810001,64.459999,61.389999,61.630001,000,61.630001
2014-11-04,66.529999,66.529999,64.169998,64.349998,000,64.349998
2014-11-03,65.169998,67.029999,64.519997,66.830002,000,66.830002
2014-10-31,67.309998,67.32,63.630001,64.879997,000,64.879997
2014-10-30,72.330002,72.330002,67.830002,67.970001,000,67.970001
2014-10-29,75.199997,75.82,72.540001,72.900002,000,72.900002
2014-10-28,75.199997,75.849998,74.209999,75.830002,000,75.830002
2014-10-27,75.470001,75.470001,74.550003,74.580002,000,74.580002
2014-10-24,76.269997,76.559998,75.43,75.93,000,75.93
2014-10-23,75.660004,76.800003,74.669998,76.25,000,76.25
2014-10-22,78.220001,78.279999,75.879997,75.93,000,75.93
2014-10-21,79.059998,80.139999,78.50,78.75,000,78.75
2014-10-20,77.75,78.690002,77.400002,78.550003,000,78.550003
2014-10-17,79.529999,79.550003,76.959999,77.080002,000,77.080002
2014-10-16,78.699997,80.550003,78.32,79.300003,000,79.300003
2014-10-15,79.290001,80.75,78.339996,79.220001,000,79.220001
2014-10-14,78.910004,80.809998,78.900002,79.269997,000,79.269997
2014-10-13,78.190002,80.769997,78.059998,78.489998,000,78.489998
2014-10-10,78.68,80.32,76.959999,77.260002,000,77.260002
2014-10-09,82.160004,82.220001,77.540001,78.959999,000,78.959999
2014-10-08,77.379997,82.529999,75.389999,82.099998,000,82.099998
2014-10-07,79.849998,79.959999,76.68,76.769997,000,76.769997
2014-10-06,78.839996,79.889999,78.309998,79.650002,000,79.650002
2014-10-03,80.739998,80.830002,78.379997,78.419998,000,78.419998
2014-10-02,81.32,81.959999,80.220001,81.629997,000,81.629997
2014-10-01,81.389999,82.589996,80.970001,81.010002,000,81.010002
2014-09-30,82.410004,82.800003,80.809998,81.110001,000,81.110001
2014-09-29,84.059998,84.190002,82.82,82.849998,000,82.849998
2014-09-26,84.580002,84.580002,83.489998,83.919998,000,83.919998
2014-09-25,84.379997,85.129997,83.309998,84.949997,000,84.949997
2014-09-24,85.410004,86.260002,84.730003,84.980003,000,84.980003
2014-09-23,85.529999,86.419998,84.93,85.879997,000,85.879997
2014-09-22,86.480003,86.480003,84.300003,84.440002,000,84.440002
2014-09-19,88.900002,88.93,86.529999,86.93,000,86.93
2014-09-18,90.059998,90.099998,88.720001,89.139999,000,89.139999
2014-09-17,92.290001,92.50,90.25,90.43,000,90.43
2014-09-16,91.690002,93.129997,90.860001,92.400002,000,92.400002
2014-09-15,91.870003,92.169998,91.110001,91.690002,000,91.690002
2014-09-12,92.400002,92.730003,91.209999,91.660004,000,91.660004
2014-09-11,91.639999,93.129997,91.120003,93.00,000,93.00
2014-09-10,92.989998,93.43,91.690002,92.260002,000,92.260002
2014-09-09,92.589996,93.860001,91.75,93.610001,000,93.610001
2014-09-08,94.860001,94.860001,92.370003,92.75,000,92.75
2014-09-05,95.190002,95.639999,93.949997,95.300003,000,95.300003
2014-09-04,98.599998,98.900002,94.830002,95.07,000,95.07
2014-09-03,98.93,99.370003,98.139999,98.199997,000,98.199997
2014-09-02,101.199997,101.199997,98.699997,98.720001,000,98.720001
2014-08-29,100.900002,102.300003,100.529999,102.269997,000,102.269997
2014-08-28,101.040001,101.279999,100.199997,101.040001,000,101.040001
2014-08-27,100.459999,100.730003,99.800003,100.07,000,100.07
2014-08-26,98.68,100.300003,98.68,100.209999,000,100.209999
2014-08-25,99.220001,99.290001,97.970001,98.080002,000,98.080002
2014-08-22,99.760002,100.00,98.690002,99.449997,000,99.449997
2014-08-21,100.889999,100.889999,98.980003,99.650002,000,99.650002
2014-08-20,101.580002,102.790001,101.279999,101.830002,000,101.830002
2014-08-19,102.269997,102.639999,101.330002,101.599998,000,101.599998
2014-08-18,101.43,102.550003,101.120003,102.470001,000,102.470001
2014-08-15,101.639999,102.330002,100.769997,101.970001,000,101.970001
2014-08-14,103.779999,104.440002,102.190002,102.599998,000,102.599998
2014-08-13,103.980003,104.540001,103.279999,103.830002,000,103.830002
2014-08-12,102.68,104.610001,102.660004,103.849998,000,103.849998
2014-08-11,101.019997,102.660004,101.019997,102.410004,000,102.410004
2014-08-08,101.18,102.610001,100.910004,101.260002,000,101.260002
2014-08-07,100.849998,101.370003,99.830002,101.099998,000,101.099998
2014-08-06,99.980003,101.629997,99.970001,101.129997,000,101.129997
2014-08-05,98.099998,99.279999,97.050003,99.07,000,99.07
2014-08-04,99.419998,99.839996,97.489998,98.309998,000,98.309998
2014-08-01,99.529999,100.93,98.470001,99.489998,000,99.489998
2014-07-31,100.260002,100.260002,98.529999,98.870003,000,98.870003
2014-07-30,101.360001,101.459999,99.82,100.910004,000,100.910004
2014-07-29,102.470001,102.739998,101.470001,101.860001,000,101.860001
2014-07-28,101.199997,102.220001,100.760002,102.190002,000,102.190002
2014-07-25,98.410004,101.620003,98.239998,101.589996,000,101.589996
2014-07-24,99.620003,99.629997,98.150002,98.559998,000,98.559998
2014-07-23,100.760002,101.580002,100.18,100.309998,000,100.309998
2014-07-22,101.610001,101.949997,100.620003,100.790001,000,100.790001
2014-07-21,102.379997,102.650002,100.650002,101.919998,000,101.919998
2014-07-18,101.389999,102.050003,100.529999,101.980003,000,101.980003
2014-07-17,100.389999,102.690002,100.040001,102.449997,000,102.449997
2014-07-16,99.120003,100.610001,99.080002,99.900002,000,99.900002
2014-07-15,101.660004,102.300003,98.150002,98.300003,000,98.300003
2014-07-14,102.660004,102.709999,100.940002,101.360001,000,101.360001
2014-07-11,101.93,104.220001,101.580002,104.07,000,104.07
2014-07-10,104.300003,106.010002,101.449997,101.720001,000,101.720001
2014-07-09,101.669998,104.139999,101.660004,103.769997,000,103.769997
2014-07-08,100.50,101.290001,99.129997,101.150002,000,101.150002
2014-07-07,101.110001,101.110001,99.769997,99.980003,000,99.980003
2014-07-03,100.68,101.489998,99.50,101.480003,000,101.480003
2014-07-02,100.120003,101.879997,100.120003,101.339996,000,101.339996
2014-07-01,101.00,101.900002,99.809998,99.949997,000,99.949997
2014-06-30,98.690002,101.07,97.809998,100.860001,000,100.860001
2014-06-27,99.029999,99.919998,98.099998,99.099998,000,99.099998
2014-06-26,97.639999,99.110001,97.07,98.970001,000,98.970001
2014-06-25,97.32,98.800003,97.120003,98.160004,000,98.160004
2014-06-24,100.540001,101.470001,97.25,97.309998,000,97.309998
2014-06-23,98.599998,100.349998,98.260002,100.190002,000,100.190002
2014-06-20,98.849998,99.389999,97.610001,98.459999,000,98.459999
2014-06-19,95.339996,99.239998,95.339996,99.120003,000,99.120003
2014-06-18,92.339996,94.739998,92.07,94.709999,000,94.709999
2014-06-17,91.419998,92.650002,90.919998,92.389999,000,92.389999
2014-06-16,92.629997,92.860001,91.459999,91.889999,000,91.889999
2014-06-13,91.599998,92.419998,90.610001,92.300003,000,92.300003
2014-06-12,89.949997,91.989998,89.949997,91.760002,000,91.760002
2014-06-11,88.470001,89.800003,88.449997,89.690002,000,89.690002
2014-06-10,86.940002,88.190002,86.919998,88.18,000,88.18
2014-06-09,86.849998,87.139999,86.419998,86.43,000,86.43
2014-06-06,86.68,86.790001,85.589996,86.699997,000,86.699997
2014-06-05,85.550003,87.099998,85.550003,86.660004,000,86.660004
2014-06-04,84.949997,85.550003,84.519997,85.040001,000,85.040001
2014-06-03,84.57,85.220001,83.519997,84.980003,000,84.980003
2014-06-02,84.839996,85.690002,84.059998,84.629997,000,84.629997
2014-05-30,84.209999,85.099998,83.300003,85.059998,000,85.059998
2014-05-29,83.459999,85.129997,83.300003,84.43,000,84.43
2014-05-28,84.910004,84.910004,83.269997,83.639999,000,83.639999
2014-05-27,87.75,87.75,84.93,85.089996,000,85.089996
2014-05-23,88.709999,88.870003,87.970001,88.220001,000,88.220001
2014-05-22,89.25,89.50,88.639999,88.769997,000,88.769997
2014-05-21,88.360001,88.720001,87.879997,88.699997,000,88.699997
2014-05-20,88.760002,89.370003,88.190002,88.68,000,88.68
2014-05-19,89.440002,89.599998,88.629997,89.099998,000,89.099998
2014-05-16,89.419998,89.43,88.529999,88.860001,000,88.860001
2014-05-15,90.559998,90.650002,89.150002,89.68,000,89.68
2014-05-14,91.099998,91.75,90.919998,90.959999,000,90.959999
2014-05-13,90.470001,91.370003,90.370003,90.389999,000,90.389999
2014-05-12,90.00,91.239998,90.00,90.629997,000,90.629997
2014-05-09,89.900002,90.209999,88.709999,89.379997,000,89.379997
2014-05-08,90.120003,90.629997,89.650002,89.910004,000,89.910004
2014-05-07,91.790001,91.919998,89.459999,90.029999,000,90.029999
2014-05-06,92.849998,92.949997,91.879997,92.00,000,92.00
2014-05-05,93.589996,94.029999,92.50,92.730003,000,92.730003
2014-05-02,91.389999,93.160004,91.080002,93.00,000,93.00
2014-05-01,91.650002,91.720001,90.75,90.989998,000,90.989998
2014-04-30,92.209999,92.900002,91.389999,92.260002,000,92.260002
2014-04-29,91.309998,93.150002,91.309998,92.879997,000,92.879997
2014-04-28,93.209999,93.239998,91.07,91.370003,000,91.370003
2014-04-25,92.029999,93.330002,91.870003,93.309998,000,93.309998
2014-04-24,92.480003,93.339996,91.470001,91.620003,000,91.620003
2014-04-23,91.110001,93.620003,91.040001,92.879997,000,92.879997
2014-04-22,89.959999,91.099998,89.279999,91.050003,000,91.050003
2014-04-21,90.029999,90.699997,88.150002,89.900002,000,89.900002
2014-04-17,90.860001,91.440002,90.129997,90.18,000,90.18
2014-04-16,91.889999,92.230003,90.400002,90.830002,000,90.830002
2014-04-15,92.690002,92.720001,90.110001,91.870003,000,91.870003
2014-04-14,93.209999,94.959999,93.160004,93.830002,000,93.830002
2014-04-11,94.209999,94.639999,92.089996,92.550003,000,92.550003
2014-04-10,96.32,96.879997,93.900002,94.190002,000,94.190002
2014-04-09,94.669998,97.040001,93.849998,95.779999,000,95.779999
2014-04-08,93.839996,95.389999,93.839996,95.199997,000,95.199997
2014-04-07,92.980003,94.550003,92.360001,92.940002,000,92.940002
2014-04-04,93.419998,94.889999,93.040001,93.300003,000,93.300003
2014-04-03,93.029999,93.099998,91.949997,92.690002,000,92.690002
2014-04-02,92.080002,94.150002,92.080002,93.529999,000,93.529999
2014-04-01,91.309998,92.360001,90.970001,91.540001,000,91.540001
2014-03-31,93.089996,93.349998,90.879997,91.199997,000,91.199997
2014-03-28,91.790001,94.029999,91.120003,93.360001,000,93.360001
2014-03-27,90.57,92.209999,90.00,91.82,000,91.82
2014-03-26,94.589996,95.059998,90.68,90.82,000,90.82
2014-03-25,94.360001,95.720001,94.190002,94.519997,000,94.519997
2014-03-24,97.809998,97.809998,93.75,93.919998,000,93.919998
2014-03-21,99.349998,100.300003,97.919998,98.510002,000,98.510002
2014-03-20,97.830002,99.519997,97.059998,98.550003,000,98.550003
2014-03-19,101.529999,101.529999,98.150002,98.279999,000,98.279999
2014-03-18,102.089996,103.269997,100.809998,102.080002,000,102.080002
2014-03-17,105.919998,105.940002,102.860001,102.910004,000,102.910004
2014-03-14,105.730003,107.389999,105.160004,106.199997,000,106.199997
2014-03-13,102.75,105.559998,102.379997,105.300003,000,105.300003
2014-03-12,100.43,102.93,100.43,102.830002,000,102.830002
2014-03-11,100.510002,101.360001,99.459999,99.870003,000,99.870003
2014-03-10,100.410004,100.879997,99.230003,99.860001,000,99.860001
2014-03-07,102.699997,102.699997,100.019997,100.639999,000,100.639999
2014-03-06,102.459999,103.470001,102.279999,103.150002,000,103.150002
2014-03-05,100.809998,102.169998,100.040001,101.949997,000,101.949997
2014-03-04,100.309998,101.199997,99.220001,100.489998,000,100.489998
2014-03-03,100.389999,102.639999,100.370003,101.00,000,101.00
2014-02-28,100.32,100.730003,99.010002,99.550003,000,99.550003
2014-02-27,100.260002,101.900002,99.739998,100.089996,000,100.089996
2014-02-26,101.260002,101.410004,99.50,100.25,000,100.25
2014-02-25,102.830002,103.220001,101.419998,101.599998,000,101.599998
2014-02-24,103.309998,104.339996,103.18,103.230003,000,103.230003
2014-02-21,103.489998,104.129997,101.779999,102.879997,000,102.879997
2014-02-20,99.459999,103.589996,99.389999,103.379997,000,103.379997
2014-02-19,102.68,103.300003,99.169998,99.480003,000,99.480003
2014-02-18,102.540001,103.139999,101.239998,102.839996,000,102.839996
2014-02-14,100.349998,103.190002,100.349998,101.989998,000,101.989998
2014-02-13,96.07,99.639999,95.410004,99.57,000,99.57
2014-02-12,98.910004,99.139999,95.599998,95.949997,000,95.949997
2014-02-11,95.480003,99.230003,95.480003,98.669998,000,98.669998
2014-02-10,92.669998,95.519997,92.650002,95.050003,000,95.050003
2014-02-07,89.699997,92.349998,89.690002,92.220001,000,92.220001
2014-02-06,89.720001,90.32,88.809998,89.419998,000,89.419998
2014-02-05,91.129997,91.660004,89.43,89.459999,000,89.459999
2014-02-04,89.629997,90.620003,89.120003,90.550003,000,90.550003
2014-02-03,91.25,92.589996,89.860001,89.93,000,89.93
2014-01-31,91.370003,91.919998,89.699997,90.709999,000,90.709999
2014-01-30,92.50,92.50,90.279999,91.169998,000,91.169998
2014-01-29,91.830002,93.360001,90.980003,93.150002,000,93.150002
2014-01-28,89.68,91.510002,89.190002,91.150002,000,91.150002
2014-01-27,92.239998,92.239998,89.489998,89.580002,000,89.580002
2014-01-24,94.309998,95.230003,90.720001,92.68,000,92.68
2014-01-23,91.889999,94.599998,91.889999,93.449997,000,93.449997
2014-01-22,93.290001,93.290001,90.949997,91.190002,000,91.190002
2014-01-21,92.25,94.010002,90.879997,93.57,000,93.57
2014-01-17,90.300003,92.860001,90.300003,92.300003,000,92.300003
2014-01-16,89.459999,90.220001,89.169998,89.849998,000,89.849998
2014-01-15,87.129997,89.07,86.809998,88.949997,000,88.949997
2014-01-14,88.690002,90.339996,87.440002,87.739998,000,87.739998
2014-01-13,87.190002,89.160004,86.339996,89.07,000,89.07
2014-01-10,84.589996,87.230003,84.589996,87.050003,000,87.050003
2014-01-09,85.419998,85.419998,84.099998,84.199997,000,84.199997
2014-01-08,86.379997,86.449997,85.199997,85.769997,000,85.769997
2014-01-07,86.43,86.970001,85.330002,86.93,000,86.93
2014-01-06,87.139999,87.93,86.690002,86.959999,000,86.959999
2014-01-03,87.989998,88.139999,86.510002,86.629997,000,86.629997
2014-01-02,84.690002,87.809998,84.68,87.540001,000,87.540001
2013-12-31,82.169998,84.339996,81.660004,84.150002,000,84.150002
2013-12-30,83.879997,83.940002,82.279999,82.379997,000,82.379997
2013-12-27,83.540001,84.300003,83.400002,84.290001,000,84.290001
2013-12-26,83.220001,84.769997,82.809998,83.330002,000,83.330002
2013-12-24,80.529999,82.889999,80.529999,82.790001,000,82.790001
2013-12-23,80.459999,81.029999,80.120003,80.489998,000,80.489998
2013-12-20,80.519997,81.239998,80.269997,80.43,000,80.43
2013-12-19,81.190002,81.190002,79.730003,80.410004,000,80.410004
2013-12-18,82.870003,84.150002,81.459999,81.589996,000,81.589996
2013-12-17,82.440002,83.080002,81.980003,82.599998,000,82.599998
2013-12-16,82.260002,83.690002,82.150002,82.940002,000,82.940002
2013-12-13,82.330002,83.220001,81.860001,82.150002,000,82.150002
2013-12-12,82.059998,82.07,80.489998,81.779999,000,81.779999
2013-12-11,85.739998,85.790001,82.779999,82.830002,000,82.830002
2013-12-10,82.919998,86.540001,82.919998,85.790001,000,85.790001
2013-12-09,81.220001,82.57,81.220001,82.480003,000,82.480003
2013-12-06,81.489998,82.599998,80.650002,80.800003,000,80.800003
2013-12-05,82.129997,82.43,80.919998,80.970001,000,80.970001
2013-12-04,81.32,83.650002,80.779999,83.010002,000,83.010002
2013-12-03,81.669998,82.110001,80.720001,80.879997,000,80.879997
2013-12-02,85.870003,85.870003,81.849998,81.879997,000,81.879997
2013-11-29,85.50,87.059998,85.50,86.459999,000,86.459999
2013-11-27,84.690002,85.57,84.019997,84.739998,000,84.739998
2013-11-26,85.57,85.589996,83.980003,84.25,000,84.25
2013-11-25,85.949997,86.839996,83.889999,86.120003,000,86.120003
2013-11-22,87.32,88.269997,86.209999,86.370003,000,86.370003
2013-11-21,87.589996,87.599998,85.760002,87.120003,000,87.120003
2013-11-20,89.970001,90.769997,87.529999,88.080002,000,88.080002
2013-11-19,90.669998,91.419998,90.110001,90.75,000,90.75
2013-11-18,92.43,92.43,90.360001,90.720001,000,90.720001
2013-11-15,93.879997,94.360001,92.57,92.610001,000,92.610001
2013-11-14,92.379997,93.919998,92.260002,93.730003,000,93.730003
2013-11-13,91.25,91.720001,90.849998,91.459999,000,91.459999
2013-11-12,92.120003,92.900002,90.489998,90.839996,000,90.839996
2013-11-11,91.900002,92.790001,90.540001,92.730003,000,92.730003
2013-11-08,91.339996,92.510002,89.559998,92.489998,000,92.489998
2013-11-07,94.07,94.18,91.519997,91.739998,000,91.739998
2013-11-06,94.029999,94.860001,93.93,94.330002,000,94.330002
2013-11-05,94.169998,94.169998,92.330002,93.279999,000,93.279999
2013-11-04,92.419998,94.489998,92.419998,94.349998,000,94.349998
2013-11-01,94.639999,94.650002,91.739998,92.040001,000,92.040001
2013-10-31,98.389999,98.389999,95.040001,95.07,000,95.07
2013-10-30,98.559998,100.25,95.730003,99.150002,000,99.150002
2013-10-29,99.760002,100.160004,97.580002,97.699997,000,97.699997
2013-10-28,99.959999,101.660004,98.690002,100.230003,000,100.230003
2013-10-25,98.50,100.059998,97.510002,99.720001,000,99.720001
2013-10-24,96.699997,99.349998,96.699997,99.040001,000,99.040001
2013-10-23,97.519997,98.07,95.010002,95.349998,000,95.349998
2013-10-22,94.870003,98.449997,94.870003,97.919998,000,97.919998
2013-10-21,92.68,94.059998,92.68,93.959999,000,93.959999
2013-10-18,92.50,93.529999,91.860001,92.169998,000,92.169998
2013-10-17,89.510002,94.110001,89.510002,92.669998,000,92.669998
2013-10-16,89.290001,89.559998,87.769997,88.220001,000,88.220001
2013-10-15,86.889999,89.660004,86.599998,89.400002,000,89.400002
2013-10-14,87.269997,88.089996,86.559998,87.309998,000,87.309998
2013-10-11,87.900002,87.900002,86.150002,86.75,000,86.75
2013-10-10,88.739998,90.220001,87.739998,88.529999,000,88.529999
2013-10-09,88.300003,89.889999,86.459999,88.790001,000,88.790001
2013-10-08,91.889999,92.230003,88.489998,88.940002,000,88.940002
2013-10-07,90.93,91.949997,90.93,91.790001,000,91.790001
2013-10-04,90.900002,91.260002,89.989998,90.360001,000,90.360001
2013-10-03,91.690002,92.760002,90.480003,90.550003,000,90.550003
2013-10-02,91.919998,93.900002,91.620003,91.769997,000,91.769997
2013-10-01,92.610001,92.610001,90.519997,91.360001,000,91.360001
2013-09-30,93.300003,94.540001,92.559998,93.419998,000,93.419998
2013-09-27,94.599998,95.760002,93.139999,93.739998,000,93.739998
2013-09-26,95.50,96.32,92.839996,93.769997,000,93.769997
2013-09-25,94.160004,97.230003,94.010002,95.279999,000,95.279999
2013-09-24,93.669998,94.75,92.18,93.720001,000,93.720001
2013-09-23,95.809998,97.529999,93.860001,94.07,000,94.07
2013-09-20,101.160004,101.160004,95.620003,95.75,000,95.75
2013-09-19,105.209999,105.739998,100.540001,101.949997,000,101.949997
2013-09-18,95.919998,106.00,95.040001,104.879997,000,104.879997
2013-09-17,95.580002,96.559998,94.800003,96.510002,000,96.510002
2013-09-16,95.940002,97.040001,94.760002,94.940002,000,94.940002
2013-09-13,94.370003,95.910004,93.800003,95.68,000,95.68
2013-09-12,98.559998,98.559998,94.480003,94.559998,000,94.559998
2013-09-11,98.699997,99.57,97.190002,99.440002,000,99.440002
2013-09-10,101.449997,101.449997,98.169998,98.550003,000,98.550003
2013-09-09,103.07,103.769997,101.760002,102.190002,000,102.190002
2013-09-06,102.00,103.860001,101.989998,103.010002,000,103.010002
2013-09-05,104.150002,104.279999,100.93,101.25,000,101.25
2013-09-04,103.690002,104.809998,102.629997,104.75,000,104.75
2013-09-03,104.379997,106.279999,104.050003,104.690002,000,104.690002
2013-08-30,103.919998,105.300003,102.779999,103.440002,000,103.440002
2013-08-29,103.550003,106.25,101.470001,104.830002,000,104.830002
2013-08-28,107.809998,110.169998,103.769997,104.300003,000,104.300003
2013-08-27,113.389999,115.209999,107.18,107.309998,000,107.309998
2013-08-26,112.010002,113.830002,110.879997,112.269997,000,112.269997
2013-08-23,108.360001,112.120003,108.260002,111.389999,000,111.389999
2013-08-22,107.379997,110.00,107.32,108.400002,000,108.400002
2013-08-21,109.919998,110.019997,106.290001,106.440002,000,106.440002
2013-08-20,107.290001,111.709999,107.209999,110.919998,000,110.919998
2013-08-19,108.989998,109.900002,106.970001,107.360001,000,107.360001
2013-08-16,111.900002,112.830002,107.989998,109.269997,000,109.269997
2013-08-15,104.720001,111.230003,103.709999,111.040001,000,111.040001
2013-08-14,100.970001,105.389999,100.970001,105.209999,000,105.209999
2013-08-13,102.400002,103.019997,99.57,100.290001,000,100.290001
2013-08-12,98.410004,103.480003,98.410004,102.730003,000,102.730003
2013-08-09,95.650002,99.190002,94.650002,97.660004,000,97.660004
2013-08-08,89.120003,96.160004,89.120003,95.959999,000,95.959999
2013-08-07,88.650002,90.190002,88.300003,88.510002,000,88.510002
2013-08-06,92.82,92.82,88.790001,88.839996,000,88.839996
2013-08-05,94.410004,95.730003,93.529999,93.739998,000,93.739998
2013-08-02,96.139999,97.339996,94.07,94.190002,000,94.190002
2013-08-01,98.800003,99.330002,96.040001,96.110001,000,96.110001
2013-07-31,99.220001,101.07,96.75,98.75,000,98.75
2013-07-30,99.849998,100.080002,98.360001,99.18,000,99.18
2013-07-29,101.019997,101.230003,99.599998,100.019997,000,100.019997
2013-07-26,99.339996,100.900002,97.650002,100.879997,000,100.879997
2013-07-25,98.879997,101.519997,98.379997,99.940002,000,99.940002
2013-07-24,103.440002,103.440002,97.010002,98.910004,000,98.910004
2013-07-23,100.379997,103.75,99.370003,103.589996,000,103.589996
2013-07-22,96.470001,101.400002,96.470001,100.330002,000,100.330002
2013-07-19,92.209999,94.93,91.940002,94.82,000,94.82
2013-07-18,92.209999,92.860001,90.949997,91.379997,000,91.379997
2013-07-17,94.190002,95.279999,91.389999,91.50,000,91.50
2013-07-16,90.190002,94.07,90.190002,93.989998,000,93.989998
2013-07-15,89.580002,90.290001,89.07,89.50,000,89.50
2013-07-12,91.160004,91.160004,88.629997,89.57,000,89.57
2013-07-11,87.07,91.769997,87.059998,91.709999,000,91.709999
2013-07-10,86.239998,87.279999,84.93,85.709999,000,85.709999
2013-07-09,85.580002,87.389999,85.400002,85.989998,000,85.989998
2013-07-08,86.690002,87.489998,84.919998,84.980003,000,84.980003
2013-07-05,88.050003,88.050003,84.470001,86.440002,000,86.440002
2013-07-03,88.209999,89.709999,87.75,89.290001,000,89.290001
2013-07-02,91.360001,91.379997,86.639999,87.660004,000,87.660004
2013-07-01,90.839996,92.489998,89.50,91.470001,000,91.470001
2013-06-28,83.959999,90.790001,83.57,90.150002,000,90.150002
2013-06-27,82.989998,85.110001,82.989998,84.349998,000,84.349998
2013-06-26,86.18,86.18,82.290001,82.349998,000,82.349998
2013-06-25,87.480003,88.449997,86.290001,87.220001,000,87.220001
2013-06-24,90.900002,90.900002,86.550003,87.330002,000,87.330002
2013-06-21,90.610001,91.790001,88.330002,91.410004,000,91.410004
2013-06-20,96.839996,96.849998,89.089996,90.209999,000,90.209999
2013-06-19,100.540001,101.349998,97.199997,97.459999,000,97.459999
2013-06-18,102.290001,102.589996,99.970001,100.32,000,100.32
2013-06-17,102.449997,103.529999,102.110001,103.010002,000,103.010002
2013-06-14,104.739998,104.980003,102.349998,102.559998,000,102.559998
2013-06-13,102.82,104.309998,101.989998,104.25,000,104.25
2013-06-12,102.660004,104.93,102.370003,103.269997,000,103.269997
2013-06-11,104.839996,104.839996,102.269997,102.440002,000,102.440002
2013-06-10,105.370003,106.839996,104.220001,105.800003,000,105.800003
2013-06-07,108.760002,108.760002,104.769997,105.620003,000,105.620003
2013-06-06,108.339996,110.419998,107.970001,109.900002,000,109.900002
2013-06-05,108.279999,109.980003,107.269997,108.489998,000,108.489998
2013-06-04,109.639999,109.639999,107.129997,108.230003,000,108.230003
2013-06-03,107.68,110.910004,107.660004,110.230003,000,110.230003
2013-05-31,109.059998,109.059998,106.129997,107.360001,000,107.360001
2013-05-30,104.910004,109.550003,104.900002,109.489998,000,109.489998
2013-05-29,100.449997,104.110001,100.370003,104.040001,000,104.040001
2013-05-28,100.559998,102.57,99.279999,100.050003,000,100.050003
2013-05-24,101.559998,102.800003,99.949997,100.580002,000,100.580002
2013-05-23,101.959999,102.970001,101.25,101.849998,000,101.849998
2013-05-22,100.730003,105.050003,100.199997,101.300003,000,101.300003
2013-05-21,101.919998,101.959999,99.129997,100.230003,000,100.230003
2013-05-20,97.419998,103.410004,97.099998,103.059998,000,103.059998
2013-05-17,100.209999,100.220001,97.410004,97.489998,000,97.489998
2013-05-16,99.910004,102.260002,97.959999,100.790001,000,100.790001
2013-05-15,103.900002,103.900002,100.279999,100.440002,000,100.440002
2013-05-14,105.480003,107.00,104.260002,104.639999,000,104.639999
2013-05-13,107.660004,107.660004,105.760002,105.809998,000,105.809998
2013-05-10,107.720001,108.519997,105.220001,108.519997,000,108.519997
2013-05-09,109.739998,112.330002,108.470001,108.830002,000,108.830002
2013-05-08,105.970001,110.57,105.910004,110.459999,000,110.459999
2013-05-07,106.57,106.599998,104.199997,105.150002,000,105.150002
2013-05-06,107.809998,108.129997,107.18,107.720001,000,107.720001
2013-05-03,107.410004,109.940002,107.080002,107.669998,000,107.669998
2013-05-02,107.620003,108.260002,106.309998,107.150002,000,107.150002
2013-05-01,108.370003,108.510002,105.239998,107.260002,000,107.260002
2013-04-30,107.199997,109.370003,104.669998,109.360001,000,109.360001
2013-04-29,106.949997,108.699997,106.919998,107.879997,000,107.879997
2013-04-26,110.169998,110.57,105.290001,106.309998,000,106.309998
2013-04-25,109.459999,112.410004,109.309998,109.940002,000,109.940002
2013-04-24,102.879997,109.290001,102.879997,108.760002,000,108.760002
2013-04-23,103.769997,103.779999,100.93,102.300003,000,102.300003
2013-04-22,103.529999,105.440002,102.510002,104.290001,000,104.290001
2013-04-19,102.410004,104.230003,100.349998,102.889999,000,102.889999
2013-04-18,99.25,102.980003,98.769997,101.709999,000,101.709999
2013-04-17,104.300003,105.089996,98.419998,98.849998,000,98.849998
2013-04-16,106.449997,108.93,103.629997,104.519997,000,104.519997
2013-04-15,114.309998,114.389999,104.970001,105.230003,000,105.230003
2013-04-12,122.379997,122.400002,116.18,116.370003,000,116.370003
2013-04-11,124.989998,125.800003,123.120003,123.330002,000,123.330002
2013-04-10,129.080002,129.080002,125.040001,125.269997,000,125.269997
2013-04-09,125.050003,130.619995,124.830002,129.690002,000,129.690002
2013-04-08,125.959999,126.769997,124.230003,124.690002,000,124.690002
2013-04-05,126.809998,128.710007,125.150002,126.129997,000,126.129997
2013-04-04,122.800003,127.050003,121.410004,126.510002,000,126.510002
2013-04-03,128.360001,129.690002,122.220001,123.239998,000,123.239998
2013-04-02,133.360001,133.360001,128.509995,128.699997,000,128.699997
2013-04-01,135.729996,135.789993,133.339996,133.979996,000,133.979996
2013-03-28,135.929993,135.929993,134.699997,135.759995,000,135.759995
2013-03-27,133.960007,136.679993,133.630005,136.610001,000,136.610001
2013-03-26,135.059998,135.289993,133.190002,134.419998,000,134.419998
2013-03-25,136.550003,136.770004,134.460007,135.470001,000,135.470001
2013-03-22,137.119995,138.229996,136.490005,136.960007,000,136.960007
2013-03-21,135.389999,138.130005,135.160004,137.699997,000,137.699997
2013-03-20,134.720001,135.270004,134.059998,134.490005,000,134.490005
2013-03-19,134.559998,135.880005,133.919998,134.729996,000,134.729996
2013-03-18,134.889999,136.75,134.570007,134.770004,000,134.770004
2013-03-15,134.059998,135.289993,133.729996,134.460007,000,134.460007
2013-03-14,132.360001,134.610001,131.630005,133.960007,000,133.960007
2013-03-13,136.539993,136.740005,132.229996,132.600006,000,132.600006
2013-03-12,133.740005,137.360001,133.729996,136.279999,000,136.279999
2013-03-11,133.630005,134.119995,132.259995,132.970001,000,132.970001
2013-03-08,132.119995,134.759995,130.619995,133.300003,000,133.300003
2013-03-07,134.559998,136.449997,132.470001,132.610001,000,132.610001
2013-03-06,128.789993,134.360001,127.889999,134.289993,000,134.289993
2013-03-05,129.740005,131.300003,128.789993,128.889999,000,128.889999
2013-03-04,133.259995,133.270004,128.600006,129.119995,000,129.119995
2013-03-01,134.380005,135.210007,132.720001,133.289993,000,133.289993
2013-02-28,136.610001,136.669998,133.559998,134.240005,000,134.240005
2013-02-27,138.720001,138.830002,136.899994,137.229996,000,137.229996
2013-02-26,138.449997,140.429993,136.669998,139.710007,000,139.710007
2013-02-25,137.479996,139.570007,137.470001,138.050003,000,138.050003
2013-02-22,137.089996,138.110001,135.580002,136.309998,000,136.309998
2013-02-21,134.809998,138.970001,134.699997,137.039993,000,137.039993
2013-02-20,141.130005,141.130005,134.339996,134.570007,000,134.570007
2013-02-19,143.589996,143.589996,141.00,141.990005,000,141.990005
2013-02-15,148.119995,148.119995,143.509995,143.899994,000,143.899994
2013-02-14,148.789993,150.740005,148.639999,148.820007,000,148.820007
2013-02-13,150.559998,151.059998,148.259995,148.360001,000,148.360001
2013-02-12,149.210007,151.070007,148.119995,150.619995,000,150.619995
2013-02-11,151.339996,151.339996,148.860001,149.320007,000,149.320007
2013-02-08,153.059998,153.690002,152.199997,152.429993,000,152.429993
2013-02-07,151.839996,154.259995,151.240005,153.229996,000,153.229996
2013-02-06,151.880005,153.240005,151.830002,152.970001,000,152.970001
2013-02-05,152.630005,152.979996,151.279999,152.009995,000,152.009995
2013-02-04,151.669998,154.009995,151.440002,152.059998,000,152.059998
2013-02-01,150.600006,152.429993,149.869995,151.940002,000,151.940002
2013-01-31,150.449997,150.610001,149.039993,149.679993,000,149.679993
2013-01-30,152.839996,154.710007,150.660004,150.949997,000,150.949997
2013-01-29,150.490005,152.259995,150.229996,151.720001,000,151.720001
2013-01-28,150.830002,151.139999,148.850006,149.210007,000,149.210007
2013-01-25,154.50,154.50,150.529999,150.820007,000,150.820007
2013-01-24,159.259995,159.259995,154.669998,154.779999,000,154.779999
2013-01-23,163.960007,164.119995,159.710007,159.820007,000,159.820007
2013-01-22,161.419998,164.729996,160.949997,164.149994,000,164.149994
2013-01-18,161.729996,162.020004,160.990005,161.339996,000,161.339996
2013-01-17,161.589996,162.830002,160.020004,161.520004,000,161.520004
2013-01-16,162.910004,162.949997,161.830002,162.429993,000,162.429993
2013-01-15,163.020004,164.869995,161.919998,163.529999,000,163.529999
2013-01-14,164.110001,164.729996,162.520004,162.660004,000,162.660004
2013-01-11,163.520004,163.669998,161.800003,163.360001,000,163.360001
2013-01-10,160.820007,164.169998,160.820007,163.610001,000,163.610001
2013-01-09,160.630005,161.029999,159.00,159.839996,000,159.839996
2013-01-08,160.279999,160.800003,158.679993,160.550003,000,160.550003
2013-01-07,161.690002,161.839996,159.979996,160.199997,000,160.199997
2013-01-04,161.229996,162.669998,159.910004,162.529999,000,162.529999
2013-01-03,167.610001,168.600006,161.740005,162.160004,000,162.160004
2013-01-02,166.220001,169.970001,166.220001,168.470001,000,168.470001
2012-12-31,161.039993,166.460007,160.850006,165.600006,000,165.600006
2012-12-28,161.960007,163.210007,160.529999,160.619995,000,160.619995
2012-12-27,160.600006,163.960007,160.320007,162.199997,000,162.199997
2012-12-26,161.070007,162.070007,160.220001,161.339996,000,161.339996
2012-12-24,160.270004,160.710007,158.979996,160.600006,000,160.600006
2012-12-21,159.50,161.360001,159.050003,160.300003,000,160.300003
2012-12-20,160.25,160.360001,156.759995,160.080002,000,160.080002
2012-12-19,162.070007,162.440002,160.720001,160.910004,000,160.910004
2012-12-18,164.910004,165.190002,161.270004,162.539993,000,162.539993
2012-12-17,164.820007,165.529999,163.380005,165.050003,000,165.050003
2012-12-14,163.429993,165.679993,162.929993,164.75,000,164.75
2012-12-13,166.440002,166.449997,162.429993,163.669998,000,163.669998
2012-12-12,164.809998,168.940002,164.660004,167.820007,000,167.820007
2012-12-11,163.869995,164.850006,163.220001,163.679993,000,163.679993
2012-12-10,162.919998,164.679993,162.720001,164.149994,000,164.149994
2012-12-07,161.610001,163.199997,161.339996,162.080002,000,162.080002
2012-12-06,160.399994,162.710007,159.570007,160.619995,000,160.619995
2012-12-05,164.679993,164.770004,160.00,160.389999,000,160.389999
2012-12-04,165.729996,168.020004,164.119995,166.970001,000,166.970001
2012-12-03,170.399994,170.75,166.679993,166.850006,000,166.850006
2012-11-30,171.309998,172.589996,168.559998,170.199997,000,170.199997
2012-11-29,172.130005,173.289993,170.389999,171.850006,000,171.850006
2012-11-28,169.160004,171.399994,165.639999,171.389999,000,171.389999
2012-11-27,173.029999,173.190002,169.990005,170.199997,000,170.199997
2012-11-26,173.880005,174.020004,171.029999,173.990005,000,173.990005
2012-11-23,171.770004,174.820007,171.130005,174.339996,000,174.339996
2012-11-21,168.600006,171.570007,167.929993,171.309998,000,171.309998
2012-11-20,170.190002,170.389999,168.130005,168.990005,000,168.990005
2012-11-19,166.960007,170.770004,166.960007,170.580002,000,170.580002
2012-11-16,163.929993,166.589996,161.899994,165.669998,000,165.669998
2012-11-15,168.440002,168.440002,162.350006,164.360001,000,164.360001
2012-11-14,176.660004,176.820007,168.160004,168.490005,000,168.490005
2012-11-13,177.270004,179.00,175.789993,176.720001,000,176.720001
2012-11-12,181.360001,181.899994,178.429993,178.710007,000,178.710007
2012-11-09,183.279999,183.869995,180.919998,181.110001,000,181.110001
2012-11-08,181.630005,184.800003,179.490005,183.630005,000,183.630005
2012-11-07,180.839996,182.639999,177.699997,182.389999,000,182.389999
2012-11-06,179.050003,181.080002,177.419998,180.830002,000,180.830002
2012-11-05,179.240005,180.429993,177.720001,177.779999,000,177.779999
2012-11-02,186.139999,186.139999,178.880005,178.960007,000,178.960007
2012-11-01,188.149994,188.210007,186.410004,187.080002,000,187.080002
2012-10-31,183.009995,188.410004,183.009995,188.25,000,188.25
2012-10-26,184.320007,185.139999,181.850006,182.720001,000,182.720001
2012-10-25,180.029999,184.850006,180.029999,184.139999,000,184.139999
2012-10-24,183.220001,184.289993,179.119995,179.300003,000,179.300003
2012-10-23,187.229996,187.229996,182.380005,182.399994,000,182.399994
2012-10-22,185.580002,188.179993,184.949997,188.070007,000,188.070007
2012-10-19,185.850006,186.880005,182.830002,185.800003,000,185.800003
2012-10-18,190.320007,190.320007,186.039993,186.059998,000,186.059998
2012-10-17,189.070007,192.190002,187.710007,191.039993,000,191.039993
2012-10-16,185.630005,188.949997,185.630005,188.880005,000,188.880005
2012-10-15,184.490005,185.220001,181.929993,185.149994,000,185.149994
2012-10-12,188.199997,188.839996,184.539993,184.899994,000,184.899994
2012-10-11,187.639999,190.270004,187.639999,188.300003,000,188.300003
2012-10-10,186.029999,189.479996,185.029999,187.429993,000,187.429993
2012-10-09,190.389999,191.350006,186.050003,186.130005,000,186.130005
2012-10-08,190.970001,191.009995,188.619995,190.080002,000,190.080002
2012-10-05,193.309998,194.990005,190.610001,191.529999,000,191.529999
2012-10-04,188.669998,193.669998,188.669998,193.50,000,193.50
2012-10-03,190.899994,191.080002,187.360001,188.020004,000,188.020004
2012-10-02,192.270004,192.949997,189.50,190.809998,000,190.809998
2012-10-01,191.509995,194.570007,191.380005,192.100006,000,192.100006
2012-09-28,191.919998,192.669998,189.789993,191.00,000,191.00
2012-09-27,187.25,192.179993,187.25,192.179993,000,192.179993
2012-09-26,185.509995,187.990005,180.880005,186.559998,000,186.559998
2012-09-25,189.570007,192.300003,185.850006,185.919998,000,185.919998
2012-09-24,194.679993,194.679993,188.880005,189.070007,000,189.070007
2012-09-21,193.910004,196.710007,193.630005,195.199997,000,195.199997
2012-09-20,194.199997,194.199997,190.970001,193.50,000,193.50
2012-09-19,193.179993,195.539993,191.860001,194.869995,000,194.869995
2012-09-18,191.360001,193.169998,190.029999,193.169998,000,193.169998
2012-09-17,192.149994,193.130005,189.399994,191.639999,000,191.639999
2012-09-14,187.300003,192.809998,187.289993,191.970001,000,191.970001
2012-09-13,177.729996,186.850006,175.410004,186.630005,000,186.630005
2012-09-12,177.449997,178.649994,173.509995,177.779999,000,177.779999
2012-09-11,176.949997,179.100006,176.449997,177.139999,000,177.139999
2012-09-10,179.220001,179.539993,176.009995,176.470001,000,176.470001
2012-09-07,174.509995,180.179993,174.509995,179.279999,000,179.279999
2012-09-06,170.410004,173.820007,170.410004,173.770004,000,173.770004
2012-09-05,170.080002,170.080002,167.529999,169.600006,000,169.600006
2012-09-04,169.990005,170.470001,168.00,169.830002,000,169.830002
2012-08-31,163.270004,170.149994,162.830002,169.880005,000,169.880005
2012-08-30,164.389999,164.919998,162.410004,162.880005,000,162.880005
2012-08-29,166.25,166.559998,164.100006,164.490005,000,164.490005
2012-08-28,166.350006,167.970001,165.949997,166.199997,000,166.199997
2012-08-27,168.529999,168.720001,165.880005,166.369995,000,166.369995
2012-08-24,168.399994,169.119995,166.779999,168.50,000,168.50
2012-08-23,168.429993,170.559998,168.020004,168.410004,000,168.410004
2012-08-22,164.270004,168.110001,163.00,168.050003,000,168.050003
2012-08-21,161.610001,167.220001,161.610001,164.360001,000,164.360001
2012-08-20,159.899994,161.50,158.220001,161.050003,000,161.050003
2012-08-17,160.619995,161.679993,159.050003,160.009995,000,160.009995
2012-08-16,155.949997,160.690002,155.949997,160.649994,000,160.649994
2012-08-15,154.850006,155.729996,154.029999,155.619995,000,155.619995
2012-08-14,155.789993,156.990005,154.679993,154.990005,000,154.990005
2012-08-13,158.399994,159.940002,155.320007,156.050003,000,156.050003
2012-08-10,157.259995,158.589996,156.740005,158.369995,000,158.369995
2012-08-09,155.580002,158.139999,154.559998,157.440002,000,157.440002
2012-08-08,156.070007,158.570007,155.369995,155.50,000,155.50
2012-08-07,154.50,156.449997,154.50,156.149994,000,156.149994
2012-08-06,150.520004,155.770004,150.520004,154.100006,000,154.100006
2012-08-03,148.149994,151.649994,148.149994,150.330002,000,150.330002
2012-08-02,148.850006,151.009995,147.059998,147.729996,000,147.729996
2012-08-01,150.820007,151.380005,145.860001,149.110001,000,149.110001
2012-07-31,153.830002,154.789993,150.809998,150.899994,000,150.899994
2012-07-30,151.740005,154.139999,151.509995,153.820007,000,153.820007
2012-07-27,150.270004,152.399994,149.100006,151.800003,000,151.800003
2012-07-26,147.330002,150.410004,147.059998,149.979996,000,149.979996
2012-07-25,143.570007,149.220001,143.570007,147.080002,000,147.080002
2012-07-24,143.940002,145.130005,142.149994,143.110001,000,143.110001
2012-07-23,147.050003,147.050003,143.009995,143.539993,000,143.539993
2012-07-20,147.860001,148.279999,146.399994,147.580002,000,147.580002
2012-07-19,146.570007,148.940002,146.570007,148.020004,000,148.020004
2012-07-18,147.509995,147.869995,145.789993,146.300003,000,146.300003
2012-07-17,149.580002,149.580002,145.210007,148.089996,000,148.089996
2012-07-16,150.259995,150.440002,148.639999,149.619995,000,149.619995
2012-07-13,148.25,150.610001,148.25,150.220001,000,150.220001
2012-07-12,147.990005,149.080002,143.399994,147.880005,000,147.880005
2012-07-11,151.050003,151.050003,146.809998,148.529999,000,148.529999
2012-07-10,156.869995,158.410004,150.300003,151.179993,000,151.179993
2012-07-09,157.259995,157.429993,155.089996,156.309998,000,156.309998
2012-07-06,161.589996,161.589996,156.690002,157.410004,000,157.410004
2012-07-05,163.289993,164.080002,161.479996,161.940002,000,161.940002
2012-07-03,158.139999,163.809998,158.139999,163.589996,000,163.589996
2012-07-02,157.429993,158.369995,156.110001,157.710007,000,157.710007
2012-06-29,153.699997,157.830002,153.699997,157.539993,000,157.539993
2012-06-28,154.669998,154.669998,149.630005,152.449997,000,152.449997
2012-06-27,155.789993,156.470001,153.259995,155.449997,000,155.449997
2012-06-26,157.419998,157.559998,153.740005,155.559998,000,155.559998
2012-06-25,155.720001,158.479996,153.809998,157.559998,000,157.559998
2012-06-22,157.050003,158.639999,154.330002,156.289993,000,156.289993
2012-06-21,165.529999,165.529999,156.970001,157.039993,000,157.039993
2012-06-20,167.550003,169.770004,163.410004,166.190002,000,166.190002
2012-06-19,167.210007,168.210007,165.779999,167.710007,000,167.710007
2012-06-18,163.850006,167.580002,161.419998,167.100006,000,167.100006
2012-06-15,163.839996,164.369995,162.729996,164.089996,000,164.089996
2012-06-14,162.570007,163.820007,160.509995,163.690002,000,163.690002
2012-06-13,162.580002,164.910004,161.869995,162.570007,000,162.570007
2012-06-12,159.869995,163.139999,159.869995,162.550003,000,162.550003
2012-06-11,162.470001,163.110001,159.139999,159.399994,000,159.399994
2012-06-08,160.880005,163.080002,157.889999,162.100006,000,162.100006
2012-06-07,165.740005,166.529999,159.389999,161.139999,000,161.139999
2012-06-06,165.649994,169.619995,163.539993,165.690002,000,165.690002
2012-06-05,164.619995,165.570007,163.380005,165.399994,000,165.399994
2012-06-04,162.820007,164.740005,159.839996,164.649994,000,164.649994
2012-06-01,153.990005,163.839996,153.990005,162.710007,000,162.710007
2012-05-31,155.320007,156.979996,151.880005,153.800003,000,153.800003
2012-05-30,155.589996,157.369995,151.279999,155.360001,000,155.360001
2012-05-29,158.460007,159.580002,154.130005,155.660004,000,155.660004
2012-05-25,157.059998,158.660004,156.300003,157.830002,000,157.830002
2012-05-24,156.960007,159.869995,153.979996,157.059998,000,157.059998
2012-05-23,150.649994,156.929993,146.660004,156.880005,000,156.880005
2012-05-22,152.380005,155.070007,149.649994,150.779999,000,150.779999
2012-05-21,147.759995,152.729996,147.759995,152.380005,000,152.380005
2012-05-18,147.809998,152.00,147.009995,147.759995,000,147.759995
2012-05-17,142.470001,150.059998,142.470001,147.690002,000,147.690002
2012-05-16,141.630005,146.460007,140.940002,142.339996,000,142.339996
2012-05-15,147.220001,148.179993,141.300003,141.600006,000,141.600006
2012-05-14,151.119995,151.419998,146.740005,147.229996,000,147.229996
2012-05-11,152.419998,154.130005,151.070007,151.25,000,151.25
2012-05-10,154.210007,156.330002,152.309998,153.419998,000,153.419998
2012-05-09,150.669998,155.649994,146.979996,153.460007,000,153.460007
2012-05-08,155.00,155.009995,149.210007,150.860001,000,150.860001
2012-05-07,156.919998,157.759995,153.50,155.880005,000,155.880005
2012-05-04,156.580002,158.589996,156.259995,156.759995,000,156.759995
2012-05-03,161.899994,161.910004,155.210007,156.720001,000,156.720001
2012-05-02,164.979996,165.039993,161.25,162.50,000,162.50
2012-05-01,164.940002,166.460007,163.940002,165.339996,000,165.339996
2012-04-30,165.330002,165.720001,162.509995,164.889999,000,164.889999
2012-04-27,164.080002,166.759995,164.080002,165.809998,000,165.809998
2012-04-26,164.300003,164.589996,162.380005,163.580002,000,163.580002
2012-04-25,161.960007,164.589996,160.789993,164.220001,000,164.220001
2012-04-24,161.850006,162.160004,160.050003,161.070007,000,161.070007
2012-04-23,162.470001,162.479996,157.119995,161.029999,000,161.029999
2012-04-20,165.919998,167.119995,164.070007,164.119995,000,164.119995
2012-04-19,166.800003,168.270004,165.050003,165.679993,000,165.679993
2012-04-18,166.339996,167.789993,165.309998,165.960007,000,165.960007
2012-04-17,166.179993,168.940002,164.860001,167.039993,000,167.039993
2012-04-16,167.25,168.729996,164.580002,165.270004,000,165.270004
2012-04-13,169.419998,169.690002,167.100006,167.639999,000,167.639999
2012-04-12,164.779999,170.960007,164.699997,170.380005,000,170.380005
2012-04-11,167.160004,167.50,164.100006,164.320007,000,164.320007
2012-04-10,165.820007,167.690002,164.070007,167.070007,000,167.070007
2012-04-09,165.25,168.089996,165.25,165.970001,000,165.970001
2012-04-05,167.339996,168.110001,164.619995,165.300003,000,165.300003
2012-04-04,172.300003,172.300003,164.669998,167.100006,000,167.100006
2012-04-03,178.860001,178.860001,172.119995,173.410004,000,173.410004
2012-04-02,175.600006,180.020004,175.369995,178.919998,000,178.919998
2012-03-30,174.710007,175.639999,172.880005,175.460007,000,175.460007
2012-03-29,173.190002,173.970001,170.520004,173.830002,000,173.830002
2012-03-28,176.839996,176.860001,172.460007,173.460007,000,173.460007
2012-03-27,180.470001,180.699997,177.119995,177.330002,000,177.330002
2012-03-26,177.699997,180.869995,177.699997,179.850006,000,179.850006
2012-03-23,174.490005,178.259995,174.220001,177.100006,000,177.100006
2012-03-22,176.130005,176.130005,173.399994,174.259995,000,174.259995
2012-03-21,178.369995,179.729996,177.160004,177.789993,000,177.789993
2012-03-20,175.570007,178.00,172.639999,177.75,000,177.75
2012-03-19,177.470001,180.110001,176.759995,176.970001,000,176.970001
2012-03-16,177.429993,178.270004,176.929993,177.330002,000,177.330002
2012-03-15,177.25,180.419998,176.919998,177.679993,000,177.679993
2012-03-14,182.190002,182.210007,175.610001,177.229996,000,177.229996
2012-03-13,184.199997,185.860001,182.490005,183.529999,000,183.529999
2012-03-12,186.210007,187.25,183.410004,184.220001,000,184.220001
2012-03-09,187.630005,189.860001,185.820007,186.850006,000,186.850006
2012-03-08,186.699997,189.050003,185.660004,187.889999,000,187.889999
2012-03-07,186.020004,186.389999,183.270004,185.669998,000,185.669998
2012-03-06,188.789993,188.809998,182.779999,185.860001,000,185.860001
2012-03-05,194.039993,194.039993,188.470001,189.919998,000,189.919998
2012-03-02,196.850006,196.940002,192.619995,194.220001,000,194.220001
2012-03-01,195.839996,199.229996,195.389999,197.610001,000,197.610001
2012-02-29,202.470001,204.119995,194.100006,195.559998,000,195.559998
2012-02-28,199.130005,202.679993,198.669998,202.190002,000,202.190002
2012-02-27,199.470001,200.179993,197.740005,198.300003,000,198.300003
2012-02-24,202.020004,202.470001,199.100006,200.100006,000,200.100006
2012-02-23,201.850006,203.869995,200.880005,202.360001,000,202.360001
2012-02-22,197.949997,202.330002,197.039993,201.279999,000,201.279999
2012-02-21,193.179993,198.639999,193.179993,198.199997,000,198.199997
2012-02-17,196.190002,196.639999,191.850006,192.820007,000,192.820007
2012-02-16,189.029999,196.539993,187.809998,195.729996,000,195.729996
2012-02-15,191.410004,192.960007,189.929993,190.339996,000,190.339996
2012-02-14,193.940002,194.25,189.139999,191.009995,000,191.009995
2012-02-13,195.380005,196.020004,193.029999,193.850006,000,193.850006
2012-02-10,197.149994,197.149994,193.080002,194.710007,000,194.710007
2012-02-09,199.759995,201.820007,197.949997,198.320007,000,198.320007
2012-02-08,199.619995,202.130005,198.360001,198.949997,000,198.949997
2012-02-07,200.130005,201.50,196.919998,199.289993,000,199.289993
2012-02-06,199.949997,201.470001,198.509995,200.360001,000,200.360001
2012-02-03,201.910004,202.169998,198.75,200.339996,000,200.339996
2012-02-02,201.669998,204.899994,201.160004,202.740005,000,202.740005
2012-02-01,202.100006,203.229996,200.660004,200.770004,000,200.770004
2012-01-31,201.789993,204.970001,198.580002,201.039993,000,201.039993
2012-01-30,201.699997,202.350006,198.360001,201.029999,000,201.029999
2012-01-27,199.669998,204.00,199.509995,202.679993,000,202.679993
2012-01-26,198.850006,204.25,198.850006,199.929993,000,199.929993
2012-01-25,185.869995,198.720001,184.229996,197.699997,000,197.699997
2012-01-24,189.50,189.509995,185.850006,186.339996,000,186.339996
2012-01-23,187.559998,190.419998,187.529999,189.990005,000,189.990005
2012-01-20,187.740005,189.070007,186.009995,187.020004,000,187.020004
2012-01-19,191.220001,191.240005,186.300003,188.039993,000,188.039993
2012-01-18,189.399994,192.050003,189.089996,191.199997,000,191.199997
2012-01-17,194.119995,194.339996,188.889999,189.940002,000,189.940002
2012-01-13,193.440002,193.470001,190.339996,192.910004,000,192.910004
2012-01-12,193.809998,196.889999,193.639999,195.119995,000,195.119995
2012-01-11,191.539993,193.429993,189.779999,193.050003,000,193.050003
2012-01-10,188.639999,193.539993,188.639999,191.699997,000,191.699997
2012-01-09,187.50,189.020004,186.559998,188.029999,000,188.029999
2012-01-06,189.610001,190.149994,186.740005,187.169998,000,187.169998
